Rank,Name,Team,Sort▼,G,GS,IP,TC,PO,Ass,E,F%,RF9,수비 관련 득점 기여도,수비 관련 득점 기여도,수비 관련 득점 기여도,수비 관련 득점 기여도,수비 관련 득점 기여도,수비 관련 득점 기여도,수비 관련 득점 기여도,수비 관련 득점 기여도,수비 관련 득점 기여도,수비 관련 득점 기여도,POSAdj,RAAwithPOS,WAAwoPOS,WAAwithPOS▼,포지션
Rank,Name,Team,WAAwithPOS,G,GS,IP,TC,PO,Ass,E,F%,RF9,Range RAA,Arm RAA,Err RAA,DP RAA,Bt RAA,CS RAA,Blk RAA,Frm RAA,종합 RAA,/144,POSAdj,RAAwithPOS,WAAwoPOS,WAAwithPOS▼,
1,고승민,25 1B,0.208,13,10,88.0,80,73,7,0,100.0,8.18,2.67,,0.16,,0.1,,,,2.93,5.93,-0.88,2.05,0.298,0.208,1루수
2,정훈,25 1B,0.184,25,15,150.1,163,148,14,1,99.4,9.7,3.15,,-0.23,,0.22,,,,3.15,7.08,-1.34,1.81,0.32,0.184,1루수
3,천성호,25 1B,0.17,5,3,41.0,49,45,4,0,100.0,10.76,2.01,,0.08,,,,,,2.09,6.53,-0.42,1.67,0.212,0.17,1루수
4,강승호,25 1B,0.154,29,9,116.0,123,113,9,1,99.2,9.47,2.07,,0.21,,0.11,,,,2.39,4.53,-0.88,1.51,0.243,0.154,1루수
5,김주성,25 1B,0.124,3,2,16.0,23,21,2,0,100.0,12.94,1.31,,0.03,,,,,,1.34,14.8,-0.12,1.22,0.136,0.124,1루수
6,임지열,25 1B,0.123,10,6,61.0,62,60,2,0,100.0,9.15,1.62,,0.11,,,,,,1.73,4.99,-0.52,1.21,0.176,0.123,1루수
7,한재환,25 1B,0.123,6,2,21.0,24,23,1,0,100.0,10.29,1.33,,0.04,,,,,,1.37,12.33,-0.16,1.21,0.139,0.123,1루수
8,박민우,25 1B,0.119,4,1,14.0,17,17,0,0,100.0,10.93,1.24,,0.03,,,,,,1.26,2.28,-0.1,1.16,0.129,0.119,1루수
9,박병호,25 1B,0.109,12,11,75.0,60,49,10,1,98.3,7.08,1.55,,0.14,,0.1,,,,1.79,4.22,-0.72,1.07,0.182,0.109,1루수
10,이영빈,25 1B,0.106,12,2,34.0,43,41,2,0,100.0,11.38,1.18,,0.06,,,,,,1.24,4.58,-0.2,1.04,0.126,0.106,1루수
11,김규성,25 1B,0.105,3,2,17.0,19,17,2,0,100.0,10.06,1.04,,0.03,,0.1,,,,1.17,2.06,-0.14,1.03,0.119,0.105,1루수
12,황재균,25 1B,0.082,32,26,222.0,229,210,19,0,100.0,9.28,2.39,,0.41,,0.1,,,,2.9,6.97,-2.1,0.8,0.296,0.082,1루수
13,이호연,25 1B,0.07,11,8,75.0,67,62,5,0,100.0,8.04,1.25,,0.14,,,,,,1.39,10.53,-0.7,0.69,0.141,0.07,1루수
14,박승욱,25 1B,0.069,5,0,10.2,9,8,1,0,100.0,7.59,0.75,,0.02,,,,,,0.77,3.38,-0.1,0.67,0.079,0.069,1루수
15,도태훈,25 1B,0.067,18,5,77.0,71,64,7,0,100.0,8.3,1.44,,0.14,,-0.37,,,,1.22,4.62,-0.56,0.66,0.124,0.067,1루수
16,황대인,25 1B,0.052,16,15,113.0,113,107,4,2,98.2,8.84,1.3,,0.21,,0.1,,,,1.61,12.87,-1.1,0.51,0.164,0.052,1루수
17,류지혁,25 1B,0.05,11,3,40.0,44,42,2,0,100.0,9.9,0.76,,0.07,,,,,,0.83,1.43,-0.34,0.49,0.085,0.05,1루수
18,이도윤,25 1B,0.048,4,0,5.0,7,7,0,0,100.0,12.6,0.48,,0.01,,,,,,0.49,1.02,-0.02,0.47,0.05,0.048,1루수
19,박지훈,25 1B,0.035,8,0,12.0,6,6,0,0,100.0,4.5,0.35,,0.02,,,,,,0.37,2.12,-0.02,0.35,0.037,0.035,1루수
20,김민혁,25 1B,0.024,8,5,35.0,33,32,1,0,100.0,8.49,0.47,,0.06,,,,,,0.53,7.69,-0.3,0.23,0.054,0.024,1루수
21,윤준혁,25 1B,0.023,9,1,23.0,21,19,2,0,100.0,8.22,0.33,,0.04,,,,,,0.37,2.65,-0.14,0.23,0.037,0.023,1루수
22,김민수,25 1B,0.021,7,2,27.0,26,23,3,0,100.0,8.67,0.36,,0.05,,,,,,0.41,4.51,-0.2,0.21,0.041,0.021,1루수
23,추재현,25 1B,0.021,2,1,6.1,10,9,1,0,100.0,14.21,0.25,,0.01,,,,,,0.26,1.4,-0.06,0.2,0.027,0.021,1루수
24,윤정빈,25 1B,0.015,1,0,3.0,1,0,1,0,100.0,3.0,0.18,,0.01,,,,,,0.19,1.19,-0.04,0.15,0.019,0.015,1루수
25,오선진,25 1B,0.005,6,1,16.0,16,15,1,0,100.0,9.0,0.06,,0.03,,0.1,,,,0.19,0.43,-0.14,0.05,0.019,0.005,1루수
26,손용준,25 1B,0.005,1,1,4.0,6,6,0,0,100.0,13.5,0.08,,0.01,,,,,,0.09,3.12,-0.04,0.05,0.009,0.005,1루수
27,김태연,25 1B,0.0,34,15,174.1,172,152,18,2,98.8,8.78,1.93,,-0.18,,-0.2,,,,1.54,3.04,-1.54,0.0,0.157,0.0,1루수
28,김태훈,25 1B,-0.002,1,0,1.0,2,2,0,0,100.0,18.0,,,0.0,,,,,,0.0,0.01,-0.02,-0.02,0.0,-0.002,1루수
29,최준우,25 1B,-0.003,1,0,4.0,3,3,0,0,100.0,6.75,0.0,,0.01,,,,,,0.01,0.01,-0.04,-0.03,0.001,-0.003,1루수
30,권광민,25 1B,-0.005,3,0,6.1,8,8,0,0,100.0,11.37,-0.02,,0.01,,,,,,-0.01,-0.32,-0.04,-0.05,-0.001,-0.005,1루수
31,박주홍,25 1B,-0.012,3,0,5.0,2,2,0,0,100.0,3.6,-0.09,,0.01,,,,,,-0.08,-0.2,-0.04,-0.12,-0.008,-0.012,1루수
32,문정빈,25 1B,-0.027,6,2,18.0,20,18,2,0,100.0,10.0,-0.18,,0.03,,,,,,-0.15,-1.02,-0.12,-0.27,-0.015,-0.027,1루수
33,디아즈,25 1B,-0.033,75,73,636.0,648,588,57,3,99.5,9.13,4.71,,1.17,,0.26,,,,6.14,9.93,-6.46,-0.32,0.625,-0.033,1루수
34,서건창,25 1B,-0.033,2,2,13.0,13,13,0,0,100.0,9.0,-0.21,,0.02,,,,,,-0.19,-2.7,-0.14,-0.33,-0.019,-0.033,1루수
35,양현종,25 1B,-0.04,2,2,14.0,11,11,0,0,100.0,7.07,-0.31,,0.03,,,,,,-0.29,-4.62,-0.1,-0.39,-0.029,-0.04,1루수
36,박계범,25 1B,-0.044,2,1,8.0,6,6,0,0,100.0,6.75,-0.41,,0.01,,,,,,-0.4,-1.14,-0.04,-0.44,-0.04,-0.044,1루수
37,이성규,25 1B,-0.055,3,1,7.0,5,5,0,0,100.0,6.43,-0.51,,0.01,,,,,,-0.5,-1.79,-0.04,-0.54,-0.051,-0.055,1루수
38,송승환,25 1B,-0.055,1,1,2.0,2,2,0,0,100.0,9.0,-0.52,,0.0,,,,,,-0.52,-6.23,-0.02,-0.54,-0.053,-0.055,1루수
39,맥브룸,25 1B,-0.062,6,5,45.0,48,43,5,0,100.0,9.6,-0.54,,0.08,,0.24,,,,-0.21,-1.39,-0.4,-0.61,-0.022,-0.062,1루수
40,문상철,25 1B,-0.067,54,43,351.0,360,332,28,0,100.0,9.23,1.7,,0.65,,0.1,,,,2.45,5.34,-3.1,-0.65,0.249,-0.067,1루수
41,변우혁,25 1B,-0.069,14,4,52.0,44,39,5,0,100.0,7.62,0.54,,0.1,,-0.84,,,,-0.21,-0.77,-0.46,-0.67,-0.022,-0.069,1루수
42,강민성,25 1B,-0.078,3,0,8.0,3,3,0,0,100.0,3.38,-0.72,,0.01,,,,,,-0.7,-5.07,-0.06,-0.76,-0.072,-0.078,1루수
43,강진성,25 1B,-0.082,4,2,19.0,18,17,1,0,100.0,8.53,-0.68,,0.04,,,,,,-0.64,-15.37,-0.16,-0.8,-0.065,-0.082,1루수
44,김현수,25 1B,-0.082,12,9,83.0,84,73,9,2,97.6,8.89,0.31,,-0.35,,0.1,,,,0.05,0.08,-0.86,-0.81,0.005,-0.082,1루수
45,오윤석,25 1B,-0.084,24,12,115.1,108,100,8,0,100.0,8.43,0.38,,0.21,,-0.39,,,,0.2,0.53,-1.02,-0.82,0.02,-0.084,1루수
46,김인환,25 1B,-0.088,2,1,9.0,11,10,0,1,90.9,10.0,-0.3,,-0.49,,,,,,-0.79,-28.36,-0.08,-0.87,-0.08,-0.088,1루수
47,김민성,25 1B,-0.104,8,1,17.0,22,22,0,0,100.0,11.65,-0.93,,0.03,,,,,,-0.9,-2.12,-0.12,-1.02,-0.091,-0.104,1루수
48,송찬의,25 1B,-0.107,4,2,16.0,19,17,1,1,94.7,10.13,-0.92,,0.03,,,,,,-0.89,-1.98,-0.16,-1.05,-0.091,-0.107,1루수
49,김웅빈,25 1B,-0.113,3,2,19.0,15,15,0,0,100.0,7.11,-0.95,,0.04,,,,,,-0.91,-18.76,-0.2,-1.11,-0.093,-0.113,1루수
50,김휘집,25 1B,-0.119,16,6,69.0,62,57,5,0,100.0,8.09,-0.79,,0.13,,,,,,-0.66,-1.13,-0.5,-1.16,-0.068,-0.119,1루수
51,오영수,25 1B,-0.122,9,5,43.0,36,32,3,1,97.2,7.33,-0.89,,0.08,,,,,,-0.81,-3.09,-0.38,-1.19,-0.083,-0.122,1루수
52,전병우,25 1B,-0.137,7,0,12.0,13,11,1,1,92.3,9.0,-0.86,,-0.48,,0.1,,,,-1.24,-4.26,-0.1,-1.34,-0.127,-0.137,1루수
53,오태곤,25 1B,-0.143,28,7,94.1,93,88,5,0,100.0,8.87,-1.34,,0.17,,0.44,,,,-0.73,-1.37,-0.68,-1.41,-0.074,-0.143,1루수
54,고명준,25 1B,-0.143,79,77,649.1,620,562,56,2,99.7,8.57,3.42,,1.2,,0.35,,,,4.97,8.43,-6.38,-1.41,0.506,-0.143,1루수
55,이정훈,25 1B,-0.144,1,1,8.0,9,8,0,1,88.9,9.0,-1.35,,0.01,,,,,,-1.34,-6.63,-0.08,-1.42,-0.136,-0.144,1루수
56,김동준,25 1B,-0.172,1,0,3.0,4,3,0,1,75.0,9.0,-1.17,,-0.5,,,,,,-1.67,-9.61,-0.02,-1.69,-0.17,-0.172,1루수
57,이창용,25 1B,-0.174,3,1,10.0,13,12,0,1,92.3,10.8,-1.65,,0.02,,,,,,-1.63,-29.31,-0.08,-1.71,-0.166,-0.174,1루수
58,카디네스,25 1B,-0.191,6,6,54.0,49,42,5,2,95.9,7.83,-1.0,,-0.41,,,,,,-1.41,-3.83,-0.46,-1.87,-0.144,-0.191,1루수
59,양석환,25 1B,-0.214,59,58,491.2,484,442,38,4,99.2,8.79,3.2,,-0.11,,-0.27,,,,2.82,6.76,-4.92,-2.1,0.287,-0.214,1루수
60,오스틴,25 1B,-0.291,61,60,501.1,501,455,42,4,99.2,8.92,2.18,,-0.09,,0.27,,,,2.37,4.54,-5.22,-2.85,0.241,-0.291,1루수
61,문보경,25 1B,-0.321,17,8,80.0,87,80,5,2,97.7,9.56,-1.67,,-0.86,,0.1,,,,-2.44,-3.94,-0.72,-3.16,-0.248,-0.321,1루수
62,위즈덤,25 1B,-0.342,51,33,320.2,331,315,16,0,100.0,9.29,-0.97,,0.59,,0.11,,,,-0.27,-0.57,-3.08,-3.35,-0.028,-0.342,1루수
63,서호철,25 1B,-0.452,31,21,190.0,174,169,5,0,100.0,8.24,-2.82,,0.35,,-0.2,,,,-2.68,-6.76,-1.76,-4.44,-0.273,-0.452,1루수
64,김민석,25 1B,-0.526,20,16,120.1,133,125,6,2,98.5,9.8,-3.4,,-0.79,,0.1,,,,-4.09,-11.32,-1.08,-5.17,-0.416,-0.526,1루수
65,오선우,25 1B,-0.673,41,33,272.2,286,268,13,5,98.3,9.28,-1.95,,-2.03,,0.1,,,,-3.87,-7.97,-2.74,-6.61,-0.394,-0.673,1루수
66,데이비슨,25 1B,-0.693,45,45,332.0,313,287,24,2,99.4,8.43,-2.87,,0.61,,-0.91,,,,-3.16,-7.23,-3.64,-6.8,-0.322,-0.693,1루수
67,채은성,25 1B,-1.035,75,74,607.2,588,567,17,4,99.3,8.65,-3.6,,-0.4,,-0.27,,,,-4.27,-7.06,-5.9,-10.17,-0.434,-1.035,1루수
68,나승엽,25 1B,-1.09,68,66,546.2,535,494,35,6,98.9,8.71,-4.96,,0.0,,-0.2,,,,-5.17,-10.33,-5.54,-10.71,-0.526,-1.09,1루수
69,최주환,25 1B,-1.241,74,73,620.0,561,519,37,5,99.1,8.07,-5.83,,-0.38,,0.36,,,,-5.84,-9.78,-6.34,-12.18,-0.595,-1.241,1루수
70,케이브,25 1B,,1,0,1.0,1,1,0,0,100.0,9.0,,,0.0,,,,,,0.0,0.0,,,0.0,,1루수
70,오명진,25 1B,,1,0,0.2,0,0,0,0,0.0,0.0,0.0,,0.0,,,,,,0.0,0.0,,,0.0,,1루수
70,최항,25 1B,,3,0,4.0,5,2,2,1,80.0,9.0,0.31,,-0.5,,0.1,,,,-0.09,-2.63,,,-0.009,,1루수
70,이원석,25 1B,,1,0,2.0,4,4,0,0,100.0,18.0,,,0.0,,,,,,0.0,0.18,,,0.0,,1루수
70,이주형,25 1B,,2,0,2.0,1,1,0,0,100.0,4.5,-0.11,,0.0,,,,,,-0.11,-1.7,,,-0.011,,1루수
1,박민우,25 2B,0.981,71,68,536.2,331,138,185,8,97.6,5.42,5.71,,0.42,0.57,,,,,6.7,12.06,2.93,9.63,0.682,0.981,2루수
2,강승호,25 2B,0.406,25,24,199.1,120,63,56,1,99.2,5.37,3.39,,0.53,-0.85,,,,,3.07,5.82,0.92,3.99,0.313,0.406,2루수
3,천성호,25 2B,0.406,1,0,154.1,101,36,63,2,98.0,5.77,2.76,,-0.09,0.6,,,,,3.27,10.23,0.72,3.99,0.333,0.406,2루수
4,오명진,25 2B,0.384,44,38,327.2,197,88,106,3,98.5,5.33,1.04,,0.37,0.83,,,,,2.24,4.81,1.53,3.77,0.228,0.384,2루수
5,홍종표,25 2B,0.315,32,8,115.2,68,28,40,0,100.0,5.29,2.17,,0.31,0.16,,,,,2.63,8.62,0.46,3.09,0.268,0.315,2루수
6,김상수,25 2B,0.258,52,48,393.1,228,83,143,2,99.1,5.17,-0.48,,0.54,0.53,,,,,0.59,1.32,1.94,2.53,0.061,0.258,2루수
7,한태양,25 2B,0.23,29,19,170.1,95,43,51,1,98.9,4.97,1.26,,0.45,-0.23,,,,,1.49,3.64,0.77,2.26,0.152,0.23,2루수
8,여동건,25 2B,0.215,6,4,38.0,30,11,18,1,96.7,6.87,1.65,,0.1,0.23,,,,,1.98,25.89,0.13,2.11,0.201,0.215,2루수
9,류지혁,25 2B,0.208,73,62,536.2,281,121,159,1,99.6,4.7,-1.78,,1.43,-0.16,,,,,-0.5,-0.86,2.54,2.04,-0.051,0.208,2루수
10,김규성,25 2B,0.207,44,18,199.2,106,45,59,2,98.1,4.69,0.8,,0.53,-0.03,,,,,1.3,2.28,0.74,2.04,0.132,0.207,2루수
11,송성문,25 2B,0.195,24,23,187.0,118,54,63,1,99.2,5.63,0.68,,0.5,-0.28,,,,,0.9,1.41,1.01,1.91,0.092,0.195,2루수
12,전태현,25 2B,0.19,34,24,213.0,115,44,68,3,97.4,4.73,1.21,,-0.44,0.19,,,,,0.95,2.33,0.91,1.86,0.097,0.19,2루수
13,손호영,25 2B,0.178,5,5,40.0,27,12,15,0,100.0,6.08,1.44,,0.11,,,,,,1.55,4.21,0.2,1.75,0.158,0.178,2루수
14,송지후,25 2B,0.176,23,20,170.1,102,43,58,1,99.0,5.34,1.37,,0.45,-0.75,,,,,1.07,6.42,0.66,1.73,0.109,0.176,2루수
15,양도근,25 2B,0.171,30,13,125.1,78,35,42,1,98.7,5.53,0.97,,-0.17,0.35,,,,,1.15,2.24,0.53,1.68,0.117,0.171,2루수
16,이유찬,25 2B,0.145,6,4,40.0,26,12,14,0,100.0,5.85,0.81,,0.11,0.35,,,,,1.27,4.58,0.15,1.42,0.129,0.145,2루수
17,박민,25 2B,0.141,17,13,95.0,59,17,40,2,96.6,5.4,1.44,,-0.25,-0.19,,,,,1.0,5.54,0.38,1.38,0.102,0.141,2루수
18,서건창,25 2B,0.114,7,4,34.0,23,11,12,0,100.0,6.09,0.95,,0.09,-0.06,,,,,0.97,14.02,0.15,1.12,0.099,0.114,2루수
19,최정용,25 2B,0.113,3,2,17.0,10,4,6,0,100.0,5.29,0.73,,0.05,0.28,,,,,1.06,38.14,0.05,1.11,0.108,0.113,2루수
20,전병우,25 2B,0.105,6,3,17.0,11,7,4,0,100.0,5.82,0.9,,0.05,,,,,,0.94,3.24,0.09,1.03,0.096,0.105,2루수
21,박승욱,25 2B,0.104,14,0,21.0,16,5,11,0,100.0,6.86,0.72,,0.06,0.21,,,,,0.99,4.33,0.03,1.02,0.101,0.104,2루수
22,구본혁,25 2B,0.1,25,19,158.0,88,39,48,1,98.9,4.96,-0.28,,-0.08,0.67,,,,,0.3,0.52,0.68,0.98,0.031,0.1,2루수
23,서유신,25 2B,0.084,2,2,17.0,7,3,4,0,100.0,3.71,0.72,,0.05,,,,,,0.77,18.47,0.06,0.83,0.078,0.084,2루수
24,김민성,25 2B,0.078,12,10,81.0,39,17,22,0,100.0,4.33,0.5,,0.22,-0.35,,,,,0.37,0.86,0.4,0.77,0.037,0.078,2루수
25,김태진,25 2B,0.074,30,19,187.0,111,44,66,1,99.1,5.29,-1.23,,0.5,0.63,,,,,-0.11,-0.26,0.83,0.72,-0.011,0.074,2루수
26,이도윤,25 2B,0.065,43,30,239.2,119,43,76,0,100.0,4.47,-1.69,,0.64,0.67,,,,,-0.38,-0.79,1.02,0.64,-0.039,0.065,2루수
27,김성현,25 2B,0.051,12,7,61.2,41,17,23,1,97.6,5.84,1.01,,-0.34,-0.46,,,,,0.21,0.98,0.29,0.5,0.021,0.051,2루수
28,이선우,25 2B,0.042,2,1,11.0,7,4,3,0,100.0,5.73,0.34,,0.03,,,,,,0.37,7.64,0.04,0.41,0.038,0.042,2루수
29,김찬형,25 2B,0.04,5,3,21.2,7,3,4,0,100.0,2.91,0.27,,0.06,,,,,,0.33,1.34,0.07,0.4,0.033,0.04,2루수
30,박계범,25 2B,0.039,15,11,100.0,49,25,24,0,100.0,4.41,0.45,,0.27,-0.85,,,,,-0.13,-0.38,0.51,0.38,-0.013,0.039,2루수
31,전민재,25 2B,0.03,4,2,19.0,11,7,4,0,100.0,5.21,0.35,,0.05,-0.18,,,,,0.23,0.43,0.07,0.3,0.023,0.03,2루수
32,김선빈,25 2B,0.028,30,29,217.0,105,44,58,3,97.1,4.23,0.1,,0.07,-1.1,,,,,-0.93,-3.82,1.2,0.27,-0.094,0.028,2루수
33,권혁빈,25 2B,0.026,1,1,5.0,4,1,3,0,100.0,7.2,-0.03,,0.01,0.25,,,,,0.24,11.4,0.02,0.26,0.024,0.026,2루수
34,오선진,25 2B,0.026,6,3,26.0,16,8,7,1,93.8,5.19,0.11,,0.07,-0.03,,,,,0.15,0.34,0.11,0.26,0.015,0.026,2루수
35,고승민,25 2B,0.022,54,52,406.2,232,78,150,4,98.3,5.05,-2.93,,0.07,0.72,,,,,-2.14,-4.33,2.35,0.21,-0.217,0.022,2루수
36,박민석,25 2B,0.014,5,2,12.0,9,4,4,1,88.9,6.0,0.2,,0.03,-0.15,,,,,0.09,0.64,0.05,0.14,0.009,0.014,2루수
37,김병휘,25 2B,0.011,2,0,4.2,2,1,1,0,100.0,3.86,0.08,,0.01,,,,,,0.1,3.43,0.01,0.11,0.01,0.011,2루수
38,장준원,25 2B,0.004,4,2,18.1,11,4,7,0,100.0,5.4,-0.09,,0.05,,,,,,-0.04,-0.26,0.08,0.04,-0.004,0.004,2루수
39,이호준,25 2B,0.002,25,1,48.1,23,7,16,0,100.0,4.28,-0.03,,0.13,-0.18,,,,,-0.08,-0.19,0.1,0.02,-0.008,0.002,2루수
40,최항,25 2B,0.0,1,0,1.0,1,1,0,0,100.0,9.0,-0.01,,0.0,,,,,,-0.01,-0.16,0.01,0.0,-0.001,0.0,2루수
41,심재훈,25 2B,-0.016,15,7,77.0,33,13,20,0,100.0,3.86,-0.68,,0.21,0.0,,,,,-0.48,-2.99,0.32,-0.16,-0.049,-0.016,2루수
42,정준재,25 2B,-0.017,78,66,598.1,335,137,191,7,97.9,4.93,-0.99,,-1.94,0.03,,,,,-2.9,-5.03,2.73,-0.17,-0.295,-0.017,2루수
43,권동진,25 2B,-0.02,4,2,24.0,13,4,9,0,100.0,4.88,-0.35,,0.06,,,,,,-0.28,-0.53,0.09,-0.19,-0.029,-0.02,2루수
44,오윤석,25 2B,-0.024,35,15,161.0,90,40,49,1,98.9,4.98,-0.16,,-0.08,-0.64,,,,,-0.88,-2.34,0.64,-0.24,-0.09,-0.024,2루수
45,김주성,25 2B,-0.025,2,0,3.0,0,0,0,0,0.0,0.0,-0.26,,0.01,,,,,,-0.25,-2.81,0.01,-0.24,-0.026,-0.025,2루수
46,김한별,25 2B,-0.039,13,4,40.2,21,5,16,0,100.0,4.65,-0.63,,0.11,,,,,,-0.53,-1.8,0.14,-0.39,-0.053,-0.039,2루수
47,하주석,25 2B,-0.045,8,8,54.1,21,8,13,0,100.0,3.48,-0.92,,0.15,0.05,,,,,-0.73,-2.05,0.28,-0.45,-0.074,-0.045,2루수
48,최정원,25 2B,-0.047,17,6,73.0,38,16,22,0,100.0,4.68,-0.58,,0.19,-0.35,,,,,-0.73,-2.11,0.27,-0.46,-0.075,-0.047,2루수
49,이영빈,25 2B,-0.059,12,5,48.0,32,11,21,0,100.0,6.0,-0.93,,0.13,-0.01,,,,,-0.82,-3.01,0.24,-0.58,-0.083,-0.059,2루수
50,도태훈,25 2B,-0.062,11,4,45.0,30,10,19,1,96.7,5.8,-0.92,,0.12,,,,,,-0.8,-3.04,0.19,-0.61,-0.082,-0.062,2루수
51,박준순,25 2B,-0.082,10,4,41.0,28,11,16,1,96.4,5.93,-0.82,,-0.4,0.28,,,,,-0.94,-3.3,0.13,-0.81,-0.096,-0.082,2루수
52,안치홍,25 2B,-0.083,5,5,35.0,21,5,15,1,95.2,5.14,-0.81,,0.09,-0.26,,,,,-0.97,-3.49,0.15,-0.82,-0.099,-0.083,2루수
53,김준상,25 2B,-0.103,7,4,37.0,15,4,11,0,100.0,3.65,-1.27,,0.1,,,,,,-1.17,-18.74,0.16,-1.01,-0.119,-0.103,2루수
54,안상현,25 2B,-0.106,8,7,59.0,36,10,25,1,97.2,5.34,-1.16,,-0.35,0.21,,,,,-1.3,-3.53,0.26,-1.04,-0.132,-0.106,2루수
55,황영묵,25 2B,-0.132,77,47,470.1,240,85,150,5,97.9,4.5,-2.09,,-0.77,-0.46,,,,,-3.33,-5.99,2.03,-1.3,-0.339,-0.132,2루수
56,오태양,25 2B,-0.136,2,0,3.0,2,1,0,1,50.0,3.0,-0.85,,-0.5,,,,,,-1.35,-24.29,0.01,-1.34,-0.137,-0.136,2루수
57,윤도현,25 2B,-0.155,15,15,110.0,58,22,31,5,91.4,4.34,-2.89,,-0.21,0.94,,,,,-2.16,-16.37,0.64,-1.52,-0.22,-0.155,2루수
58,석정우,25 2B,-0.163,8,6,49.0,26,10,14,2,92.3,4.41,-1.64,,-0.38,0.21,,,,,-1.81,-12.4,0.21,-1.6,-0.184,-0.163,2루수
59,안주형,25 2B,-0.17,4,4,26.0,13,5,7,1,92.3,4.15,-1.16,,-0.44,-0.19,,,,,-1.79,-42.96,0.12,-1.67,-0.182,-0.17,2루수
60,박찬형,25 2B,-0.187,5,3,28.1,24,10,12,2,91.7,6.99,-1.05,,-0.94,0.0,,,,,-1.99,-15.07,0.15,-1.84,-0.203,-0.187,2루수
61,강민성,25 2B,-0.192,12,5,57.2,37,16,21,0,100.0,5.77,-1.9,,0.15,-0.34,,,,,-2.08,-15.0,0.2,-1.88,-0.212,-0.192,2루수
62,서호철,25 2B,-0.212,9,4,49.2,30,14,15,1,96.7,5.26,-1.72,,-0.37,-0.21,,,,,-2.3,-5.81,0.22,-2.08,-0.234,-0.212,2루수
63,신민재,25 2B,-0.412,80,67,592.1,339,141,191,7,97.9,5.04,-4.28,,-1.96,-0.65,,,,,-6.89,-12.11,2.85,-4.04,-0.702,-0.412,2루수
64,양우현,25 2B,,1,0,2.0,0,0,0,0,0.0,0.0,-0.13,,0.01,,,,,,-0.12,-8.72,,,-0.012,,2루수
64,김태윤,25 2B,,2,0,2.0,1,0,1,0,100.0,4.5,0.19,,0.01,,,,,,0.2,5.69,,,0.02,,2루수
64,이승현,25 2B,,2,0,3.0,0,0,0,0,0.0,0.0,0.0,,0.01,,,,,,0.01,0.2,,,0.001,,2루수
64,박경수,25 2B,,1,0,0.2,0,0,0,0,0.0,0.0,-0.01,,0.0,,,,,,-0.01,-0.87,,,-0.001,,2루수
64,이태경,25 2B,,1,0,1.0,0,0,0,0,0.0,0.0,0.0,,0.0,,,,,,0.0,0.31,,,0.0,,2루수
64,홍대인,25 2B,,1,0,1.0,1,0,1,0,100.0,9.0,0.18,,0.0,,,,,,0.19,3.36,,,0.019,,2루수
64,고영우,25 2B,,1,0,2.0,0,0,0,0,0.0,0.0,0.0,,0.01,,,,,,0.0,0.02,,,0.0,,2루수
1,김영웅,25 3B,0.523,67,63,533.2,161,45,108,8,95.0,2.58,4.02,,0.92,0.22,-0.03,,,,5.13,10.13,0.0,5.13,0.523,0.523,3루수
2,오선진,25 3B,0.39,20,9,93.0,27,5,22,0,100.0,2.61,2.88,,0.34,0.62,,,,,3.83,8.76,0.0,3.83,0.39,0.39,3루수
3,송성문,25 3B,0.382,64,61,534.0,182,69,105,8,95.6,2.93,3.39,,0.42,-0.57,0.51,,,,3.75,5.87,0.0,3.75,0.382,0.382,3루수
4,서호철,25 3B,0.349,16,9,91.0,29,9,18,2,93.1,2.67,2.72,,0.33,0.66,-0.29,,,,3.42,8.65,0.0,3.42,0.349,0.349,3루수
5,임종성,25 3B,0.331,32,26,212.0,57,22,33,2,96.5,2.33,2.3,,0.26,0.79,-0.1,,,,3.25,14.17,0.0,3.25,0.331,0.331,3루수
6,구본혁,25 3B,0.31,35,15,146.1,34,10,24,0,100.0,2.09,1.41,,0.53,0.37,0.74,,,,3.05,5.22,0.0,3.05,0.31,0.31,3루수
7,김도영,25 3B,0.293,22,22,180.0,51,9,39,3,94.1,2.4,2.41,,-0.36,0.88,-0.06,,,,2.87,15.32,0.0,2.87,0.293,0.293,3루수
8,위즈덤,25 3B,0.29,35,35,259.2,80,21,56,3,96.3,2.67,2.66,,-0.07,0.19,0.07,,,,2.85,5.95,0.0,2.85,0.29,0.29,3루수
9,변우혁,25 3B,0.231,29,24,213.0,69,17,48,4,94.2,2.75,2.16,,0.27,-0.15,0.0,,,,2.27,8.17,0.0,2.27,0.231,0.231,3루수
10,김찬형,25 3B,0.161,28,20,167.1,55,15,37,3,94.5,2.8,1.48,,-0.91,0.87,0.15,,,,1.59,6.52,0.0,1.59,0.161,0.161,3루수
11,강민성,25 3B,0.145,6,0,9.0,6,2,4,0,100.0,6.0,1.11,,0.03,0.28,,,,,1.42,10.23,0.0,1.42,0.145,0.145,3루수
12,강승호,25 3B,0.138,30,29,244.0,82,24,53,5,93.9,2.84,1.82,,-0.63,-0.33,0.5,,,,1.36,2.57,0.0,1.36,0.138,0.138,3루수
13,전병우,25 3B,0.138,31,12,116.2,28,9,19,0,100.0,2.16,0.68,,0.42,0.2,0.05,,,,1.36,4.65,0.0,1.36,0.138,0.138,3루수
14,문정빈,25 3B,0.134,9,2,26.0,4,0,4,0,100.0,1.38,1.14,,0.09,0.09,,,,,1.32,9.04,0.0,1.32,0.134,0.134,3루수
15,최정,25 3B,0.078,12,12,102.0,24,5,18,1,95.8,2.03,0.35,,0.37,0.04,,,,,0.76,2.2,0.0,0.76,0.078,0.078,3루수
16,여동건,25 3B,0.059,1,0,2.0,1,0,1,0,100.0,4.5,0.57,,0.01,,,,,,0.58,7.56,0.0,0.58,0.059,0.059,3루수
17,김민수,25 3B,0.057,6,0,13.0,4,0,4,0,100.0,2.77,0.51,,0.05,,,,,,0.56,6.2,0.0,0.56,0.057,0.057,3루수
18,송지후,25 3B,0.056,1,0,3.0,1,0,1,0,100.0,3.0,0.54,,0.01,,,,,,0.55,3.3,0.0,0.55,0.056,0.056,3루수
19,박승욱,25 3B,0.05,5,2,19.0,5,1,4,0,100.0,2.37,0.42,,0.07,0.0,,,,,0.49,2.13,0.0,0.49,0.05,0.05,3루수
20,홍종표,25 3B,0.049,7,3,29.0,10,4,6,0,100.0,3.1,0.38,,0.11,,,,,,0.49,1.59,0.0,0.49,0.049,0.049,3루수
21,이도윤,25 3B,0.037,3,1,11.0,2,2,0,0,100.0,1.64,0.32,,0.04,,,,,,0.36,0.75,0.0,0.36,0.037,0.037,3루수
22,박찬형,25 3B,0.029,8,7,63.0,13,5,8,0,100.0,1.86,-0.56,,0.23,0.23,0.39,,,,0.28,2.14,0.0,0.28,0.029,0.029,3루수
23,천성호,25 3B,0.018,10,8,58.0,13,4,9,0,100.0,2.02,-0.45,,0.21,0.42,,,,,0.17,0.54,0.0,0.17,0.018,0.018,3루수
24,박준영,25 3B,0.012,2,0,2.1,1,1,0,0,100.0,3.86,0.11,,0.01,,,,,,0.12,0.42,0.0,0.12,0.012,0.012,3루수
25,박준순,25 3B,0.009,25,22,199.0,80,18,53,9,88.8,3.21,0.67,,-0.8,0.05,0.16,,,,0.08,0.29,0.0,0.08,0.009,0.009,3루수
26,김수윤,25 3B,0.004,7,5,35.0,14,4,8,2,85.7,3.09,0.42,,0.13,0.4,-0.9,,,,0.04,0.86,0.0,0.04,0.004,0.004,3루수
27,김휘집,25 3B,0.003,74,71,573.2,182,60,109,13,92.9,2.65,2.77,,-1.97,-0.38,-0.39,,,,0.03,0.05,0.0,0.03,0.003,0.003,3루수
28,정현창,25 3B,0.003,1,1,8.0,0,0,0,0,0.0,0.0,0.0,,0.03,,,,,,0.03,0.91,0.0,0.03,0.003,0.003,3루수
29,하주석,25 3B,0.001,1,0,2.0,0,0,0,0,0.0,0.0,,,0.01,,,,,,0.01,0.02,0.0,0.01,0.001,0.001,3루수
30,이재상,25 3B,0.0,1,0,2.0,0,0,0,0,0.0,0.0,0.0,,0.01,,,,,,0.0,0.26,0.0,0.0,0.0,0.0,3루수
31,한재환,25 3B,0.0,1,0,2.1,0,0,0,0,0.0,0.0,-0.01,,0.01,,,,,,0.0,0.03,0.0,0.0,0.0,0.0,3루수
32,서유신,25 3B,0.0,2,0,2.0,0,0,0,0,0.0,0.0,-0.01,,0.01,,,,,,0.0,0.04,0.0,0.0,0.0,0.0,3루수
33,이유찬,25 3B,0.0,3,1,2.2,0,0,0,0,0.0,0.0,-0.01,,0.01,,,,,,0.0,0.0,0.0,0.0,0.0,0.0,3루수
34,양도근,25 3B,-0.012,13,6,63.2,22,5,15,2,90.9,2.83,0.54,,-0.28,-0.43,0.05,,,,-0.12,-0.23,0.0,-0.12,-0.012,-0.012,3루수
35,허경민,25 3B,-0.028,64,62,532.2,146,48,92,6,95.9,2.37,-1.43,,0.92,-0.19,0.43,,,,-0.27,-0.6,0.0,-0.27,-0.028,-0.028,3루수
36,손호영,25 3B,-0.033,48,47,408.1,126,33,83,10,92.1,2.56,-1.25,,0.97,0.09,-0.13,,,,-0.32,-0.87,0.0,-0.32,-0.033,-0.033,3루수
37,오명진,25 3B,-0.037,9,9,73.0,18,6,12,0,100.0,2.22,-0.68,,0.26,0.0,0.05,,,,-0.37,-0.79,0.0,-0.37,-0.037,-0.037,3루수
38,한태양,25 3B,-0.04,9,0,18.0,1,0,1,0,100.0,0.5,-0.46,,0.07,,,,,,-0.39,-0.96,0.0,-0.39,-0.04,-0.04,3루수
39,윤도현,25 3B,-0.046,2,1,12.0,5,2,3,0,100.0,3.75,-0.5,,0.04,,,,,,-0.46,-3.45,0.0,-0.46,-0.046,-0.046,3루수
40,장준원,25 3B,-0.048,3,0,8.0,1,1,0,0,100.0,1.13,-0.5,,0.03,,,,,,-0.47,-2.82,0.0,-0.47,-0.048,-0.048,3루수
41,이영빈,25 3B,-0.052,11,5,50.0,10,2,8,0,100.0,1.8,-0.78,,0.18,0.09,,,,,-0.51,-1.87,0.0,-0.51,-0.052,-0.052,3루수
42,김한별,25 3B,-0.056,19,3,47.0,10,4,6,0,100.0,1.91,-0.5,,0.17,-0.28,0.06,,,,-0.55,-1.88,0.0,-0.55,-0.056,-0.056,3루수
43,양현종,25 3B,-0.064,6,2,16.0,4,1,2,1,75.0,1.69,-0.69,,0.06,,,,,,-0.63,-10.06,0.0,-0.63,-0.064,-0.064,3루수
44,박계범,25 3B,-0.069,16,3,52.2,14,2,11,1,92.9,2.22,-0.35,,0.19,-0.51,,,,,-0.68,-1.95,0.0,-0.68,-0.069,-0.069,3루수
45,최정원,25 3B,-0.072,1,1,4.0,4,2,1,1,75.0,6.75,-0.72,,0.01,,,,,,-0.7,-2.02,0.0,-0.7,-0.072,-0.072,3루수
46,손용준,25 3B,-0.077,2,2,13.0,5,1,3,1,80.0,2.77,-0.62,,-0.46,0.33,,,,,-0.75,-27.05,0.0,-0.75,-0.077,-0.077,3루수
47,도태훈,25 3B,-0.079,6,1,22.0,4,1,2,1,75.0,1.23,-0.85,,0.08,,,,,,-0.77,-2.92,0.0,-0.77,-0.079,-0.079,3루수
48,이승원,25 3B,-0.082,1,1,5.0,1,0,0,1,0.0,0.0,-0.82,,0.02,,,,,,-0.81,-116.13,0.0,-0.81,-0.082,-0.082,3루수
49,노시환,25 3B,-0.085,89,89,788.1,206,60,135,11,94.7,2.23,-1.52,,0.33,0.0,0.35,,,,-0.84,-1.34,0.0,-0.84,-0.085,-0.085,3루수
50,류지혁,25 3B,-0.099,11,8,70.0,15,4,10,1,93.3,1.8,-0.72,,-0.25,0.0,,,,,-0.97,-1.67,0.0,-0.97,-0.099,-0.099,3루수
51,여동욱,25 3B,-0.099,9,5,41.0,13,6,5,2,84.6,2.41,-0.67,,-0.36,0.06,,,,,-0.97,-12.76,0.0,-0.97,-0.099,-0.099,3루수
52,전태현,25 3B,-0.1,13,9,80.0,19,5,13,1,94.7,2.03,-1.43,,0.29,0.11,0.05,,,,-0.98,-2.4,0.0,-0.98,-0.1,-0.1,3루수
53,송찬의,25 3B,-0.101,3,0,6.0,0,0,0,0,0.0,0.0,-1.01,,0.02,,,,,,-0.99,-2.19,0.0,-0.99,-0.101,-0.101,3루수
54,김성현,25 3B,-0.125,18,8,90.0,25,3,20,2,92.0,2.3,-1.11,,-0.18,-0.34,0.4,,,,-1.23,-5.71,0.0,-1.23,-0.125,-0.125,3루수
55,고영우,25 3B,-0.148,2,1,9.0,2,1,0,1,50.0,1.0,-1.49,,0.03,,,,,,-1.46,-52.4,0.0,-1.46,-0.148,-0.148,3루수
56,박민,25 3B,-0.156,11,1,30.0,10,2,8,0,100.0,3.0,-0.71,,0.11,-0.65,-0.29,,,,-1.53,-8.48,0.0,-1.53,-0.156,-0.156,3루수
57,이호연,25 3B,-0.158,6,3,28.0,6,3,2,1,83.3,1.61,-0.86,,-0.4,-0.28,,,,,-1.55,-11.76,0.0,-1.55,-0.158,-0.158,3루수
58,김주성,25 3B,-0.18,1,1,4.0,3,0,2,1,66.7,4.5,-1.04,,-0.49,-0.24,,,,,-1.76,-19.55,0.0,-1.76,-0.18,-0.18,3루수
59,김규성,25 3B,-0.25,20,3,64.2,19,6,11,2,89.5,2.37,-2.47,,0.23,-0.27,0.05,,,,-2.46,-4.31,0.0,-2.46,-0.25,-0.25,3루수
60,황재균,25 3B,-0.26,30,27,235.2,39,20,18,1,97.4,1.45,-3.02,,0.35,0.19,-0.07,,,,-2.55,-6.12,0.0,-2.55,-0.26,-0.26,3루수
61,전민재,25 3B,-0.267,7,5,48.0,22,8,13,1,95.5,3.94,-2.05,,-0.33,,-0.24,,,,-2.62,-4.97,0.0,-2.62,-0.267,-0.267,3루수
62,안상현,25 3B,-0.294,30,21,200.1,39,7,30,2,94.9,1.66,-2.65,,-0.29,-0.34,0.39,,,,-2.88,-7.83,0.0,-2.88,-0.294,-0.294,3루수
63,석정우,25 3B,-0.298,16,6,59.2,8,1,5,2,75.0,0.91,-2.18,,-0.29,-0.17,-0.29,,,,-2.93,-20.06,0.0,-2.93,-0.298,-0.298,3루수
64,문보경,25 3B,-0.317,60,58,491.0,135,30,95,10,92.6,2.29,-1.91,,-0.25,-1.06,0.09,,,,-3.12,-5.04,0.0,-3.12,-0.317,-0.317,3루수
65,박지환,25 3B,-0.335,18,17,138.1,43,12,26,5,88.4,2.47,-1.65,,0.0,-0.45,-1.18,,,,-3.29,-18.22,0.0,-3.29,-0.335,-0.335,3루수
66,어준서,25 3B,-0.358,4,4,26.0,6,2,1,3,50.0,1.04,-2.38,,-0.92,-0.23,,,,,-3.52,-7.45,0.0,-3.52,-0.358,-0.358,3루수
67,김민성,25 3B,-0.377,41,31,260.1,68,13,52,3,95.6,2.25,-2.81,,-0.07,-0.31,-0.51,,,,-3.7,-8.75,0.0,-3.7,-0.377,-0.377,3루수
68,박지훈,25 3B,,5,0,6.1,4,2,2,0,100.0,5.68,0.49,,0.02,0.0,,,,,0.51,2.97,,,0.052,,3루수
68,오윤석,25 3B,,1,0,1.0,0,0,0,0,0.0,0.0,0.0,,0.0,,,,,,0.0,0.01,,,0.0,,3루수
68,오서진,25 3B,,1,0,1.0,0,0,0,0,0.0,0.0,-0.01,,0.0,,,,,,-0.01,-0.85,,,-0.001,,3루수
68,김태진,25 3B,,1,0,1.0,0,0,0,0,0.0,0.0,-0.67,,0.0,,,,,,-0.67,-1.64,,,-0.068,,3루수
68,문현빈,25 3B,,1,0,1.0,0,0,0,0,0.0,0.0,,,0.0,,,,,,0.0,0.01,,,0.0,,3루수
1,박성한,25 SS,1.155,84,81,708.2,393,159,220,14,96.4,4.81,4.93,,-0.73,0.22,,,,,4.43,7.59,6.92,11.35,0.451,1.155,유격수
2,하주석,25 SS,1.046,39,32,274.2,112,38,74,0,100.0,3.67,4.53,,1.48,1.74,,,,,7.75,21.89,2.52,10.27,0.79,1.046,유격수
3,박찬호,25 SS,1.03,80,78,662.1,358,141,207,10,97.2,4.73,1.75,,1.05,0.19,,,,,3.0,5.39,7.12,10.12,0.305,1.03,유격수
4,이재현,25 SS,1.005,83,81,674.2,337,131,192,14,95.8,4.31,3.55,,-0.4,0.08,,,,,3.23,5.41,6.64,9.87,0.329,1.005,유격수
5,김주원,25 SS,0.884,86,85,708.2,401,159,221,21,94.8,4.83,3.56,,-2.24,-0.18,,,,,1.14,1.91,7.54,8.68,0.116,0.884,유격수
6,오지환,25 SS,0.873,72,59,520.1,240,80,156,4,98.3,4.08,0.65,,2.3,0.72,,,,,3.67,7.14,4.9,8.57,0.374,0.873,유격수
7,구본혁,25 SS,0.732,44,31,262.0,137,52,83,2,98.5,4.64,4.2,,0.91,-0.16,,,,,4.95,8.48,2.24,7.19,0.504,0.732,유격수
8,김규성,25 SS,0.402,22,10,108.0,60,19,38,3,95.0,4.75,3.46,,-0.43,0.03,,,,,3.06,5.38,0.88,3.94,0.312,0.402,유격수
9,심우준,25 SS,0.387,50,48,393.2,206,74,126,6,97.1,4.57,0.12,,1.11,-0.59,,,,,0.64,1.81,3.16,3.8,0.065,0.387,유격수
10,양도근,25 SS,0.306,27,7,97.0,53,21,31,1,98.1,4.82,2.19,,0.52,-0.39,,,,,2.32,4.52,0.68,3.0,0.237,0.306,유격수
11,장준원,25 SS,0.296,20,15,131.2,61,21,39,1,98.4,4.1,0.61,,0.21,1.07,,,,,1.89,11.33,1.02,2.91,0.192,0.296,유격수
12,권동진,25 SS,0.295,74,61,508.0,283,109,161,13,95.4,4.78,1.43,,-1.3,-1.51,,,,,-1.38,-2.59,4.28,2.9,-0.141,0.295,유격수
13,이도윤,25 SS,0.294,27,10,132.0,63,24,37,2,96.8,4.16,2.2,,0.71,-1.14,,,,,1.77,3.69,1.12,2.89,0.18,0.294,유격수
14,오명진,25 SS,0.239,16,15,128.1,69,28,39,2,97.1,4.7,2.63,,-0.32,-1.2,,,,,1.11,2.38,1.24,2.35,0.113,0.239,유격수
15,김한별,25 SS,0.151,11,1,31.0,18,5,12,1,94.4,4.94,1.35,,-0.34,0.25,,,,,1.26,4.33,0.22,1.48,0.129,0.151,유격수
16,김성현,25 SS,0.128,4,2,19.0,10,2,8,0,100.0,4.74,0.99,,0.1,,,,,,1.1,5.09,0.16,1.26,0.112,0.128,유격수
17,윤준혁,25 SS,0.111,4,0,11.0,4,0,4,0,100.0,3.27,0.54,,0.06,0.4,,,,,1.01,7.24,0.08,1.09,0.102,0.111,유격수
18,이유찬,25 SS,0.104,31,28,252.0,130,45,83,2,98.5,4.57,-1.32,,0.35,-0.37,,,,,-1.34,-4.82,2.36,1.02,-0.136,0.104,유격수
19,박민석,25 SS,0.077,11,3,43.1,19,7,11,1,94.7,3.74,-0.41,,0.23,0.61,,,,,0.44,3.33,0.32,0.76,0.045,0.077,유격수
20,양우현,25 SS,0.055,1,1,4.0,2,0,2,0,100.0,4.5,0.5,,0.02,,,,,,0.52,37.24,0.02,0.54,0.053,0.055,유격수
21,박민,25 SS,0.053,3,0,6.0,4,0,4,0,100.0,6.0,0.66,,0.03,-0.19,,,,,0.5,2.79,0.02,0.52,0.051,0.053,유격수
22,박준순,25 SS,0.034,4,1,16.0,10,3,6,1,90.0,5.06,-0.79,,0.09,0.94,,,,,0.24,0.83,0.1,0.34,0.024,0.034,유격수
23,안주형,25 SS,0.023,3,0,6.0,4,1,3,0,100.0,6.0,-0.18,,0.03,0.31,,,,,0.16,3.86,0.06,0.22,0.016,0.023,유격수
24,황재균,25 SS,0.022,1,0,1.0,1,0,1,0,100.0,9.0,0.19,,0.01,,,,,,0.19,0.47,0.02,0.21,0.02,0.022,유격수
25,김준상,25 SS,0.003,1,0,1.0,0,0,0,0,0.0,0.0,,,0.01,,,,,,0.01,0.09,0.02,0.03,0.001,0.003,유격수
26,김민수,25 SS,0.003,1,0,1.0,0,0,0,0,0.0,0.0,0.0,,0.01,,,,,,0.0,0.05,0.02,0.02,0.0,0.003,유격수
27,전민재,25 SS,0.0,68,64,535.1,236,78,146,12,94.9,3.77,-4.16,,-1.66,0.77,,,,,-5.06,-9.58,5.06,0.0,-0.515,0.0,유격수
28,김도영,25 SS,0.0,1,0,2.0,0,0,0,0,0.0,0.0,-0.03,,0.01,,,,,,-0.02,-0.13,0.02,0.0,-0.002,0.0,유격수
29,송지후,25 SS,-0.032,1,0,2.0,1,1,0,0,100.0,4.5,-0.34,,0.01,,,,,,-0.33,-1.99,0.02,-0.31,-0.034,-0.032,유격수
30,김병휘,25 SS,-0.032,2,0,4.0,2,0,2,0,100.0,4.5,-0.21,,0.02,-0.15,,,,,-0.34,-12.1,0.02,-0.32,-0.034,-0.032,유격수
31,박승욱,25 SS,-0.033,13,7,61.1,33,12,19,2,93.9,4.55,-1.36,,0.33,0.25,,,,,-0.78,-3.43,0.46,-0.32,-0.08,-0.033,유격수
32,박계범,25 SS,-0.037,18,8,78.2,35,11,22,2,94.3,3.78,-1.03,,-0.08,0.12,,,,,-0.99,-2.85,0.62,-0.37,-0.101,-0.037,유격수
33,박준영,25 SS,-0.048,38,34,287.0,137,54,75,8,94.2,4.05,-1.5,,-1.99,0.52,,,,,-2.97,-10.43,2.5,-0.47,-0.302,-0.048,유격수
34,신민재,25 SS,-0.05,1,0,6.0,2,0,2,0,100.0,3.0,-0.58,,0.03,,,,,,-0.55,-0.96,0.06,-0.49,-0.056,-0.05,유격수
35,박지훈,25 SS,-0.052,5,1,18.0,8,2,5,1,87.5,3.5,-0.71,,0.1,-0.02,,,,,-0.63,-3.62,0.12,-0.51,-0.064,-0.052,유격수
36,이영빈,25 SS,-0.052,8,1,18.0,6,1,5,0,100.0,3.0,-0.21,,0.1,-0.56,,,,,-0.67,-2.48,0.16,-0.51,-0.068,-0.052,유격수
37,김찬형,25 SS,-0.07,4,0,5.0,6,2,3,1,83.3,9.0,-1.04,,0.03,0.3,,,,,-0.71,-2.92,0.02,-0.69,-0.072,-0.07,유격수
38,윤도현,25 SS,-0.079,1,1,9.0,4,1,2,1,75.0,3.0,-0.88,,0.05,-0.04,,,,,-0.87,-6.61,0.1,-0.77,-0.089,-0.079,유격수
39,도태훈,25 SS,-0.085,2,0,8.1,5,2,2,1,80.0,4.32,-0.88,,0.05,-0.07,,,,,-0.91,-3.45,0.08,-0.83,-0.093,-0.085,유격수
40,한태양,25 SS,-0.104,5,1,14.0,12,5,6,1,91.7,7.07,-0.85,,0.08,-0.38,,,,,-1.16,-2.83,0.14,-1.02,-0.118,-0.104,유격수
41,안상현,25 SS,-0.124,12,6,59.0,15,8,7,0,100.0,2.29,-1.52,,0.32,-0.52,,,,,-1.72,-4.68,0.5,-1.22,-0.175,-0.124,유격수
42,이호준,25 SS,-0.125,34,19,193.0,83,25,52,6,92.8,3.59,-1.74,,-1.49,0.48,,,,,-2.75,-6.71,1.52,-1.23,-0.28,-0.125,유격수
43,이재상,25 SS,-0.128,1,1,2.0,1,0,0,1,0.0,0.0,-1.28,,0.01,,,,,,-1.27,-91.73,0.02,-1.25,-0.13,-0.128,유격수
44,김상수,25 SS,-0.129,21,13,119.1,63,28,33,2,96.8,4.6,-2.16,,0.64,-0.85,,,,,-2.37,-5.24,1.1,-1.27,-0.241,-0.129,유격수
45,이선우,25 SS,-0.136,3,2,12.1,6,3,2,1,83.3,3.65,-1.49,,0.07,,,,,,-1.42,-29.19,0.08,-1.34,-0.144,-0.136,유격수
46,전태현,25 SS,-0.141,6,2,20.0,9,5,4,0,100.0,4.05,-0.87,,0.11,-0.78,,,,,-1.54,-3.77,0.16,-1.38,-0.157,-0.141,유격수
47,김태진,25 SS,-0.166,32,23,210.0,87,26,55,6,93.1,3.47,-4.81,,0.63,0.76,,,,,-3.43,-8.36,1.8,-1.63,-0.349,-0.166,유격수
48,박찬형,25 SS,-0.209,2,1,13.0,7,3,3,1,85.7,4.15,-0.65,,-0.44,-1.11,,,,,-2.19,-16.61,0.14,-2.05,-0.223,-0.209,유격수
49,오선진,25 SS,-0.269,37,15,170.0,64,31,30,3,95.3,3.23,-5.39,,0.92,0.57,,,,,-3.9,-8.92,1.26,-2.64,-0.397,-0.269,유격수
50,어준서,25 SS,-0.311,62,51,403.0,191,79,99,13,93.2,3.98,-5.25,,-0.86,-0.4,,,,,-6.51,-13.79,3.46,-3.05,-0.663,-0.311,유격수
51,서유신,25 SS,,1,0,1.0,1,0,0,1,0.0,0.0,-0.82,,-0.5,,,,,,-1.32,-31.59,,,-0.134,,유격수
51,홍종표,25 SS,,1,0,1.0,1,0,1,0,100.0,9.0,0.19,,0.01,,,,,,0.19,0.64,,,0.02,,유격수
51,김재호,25 SS,,1,1,0.2,0,0,0,0,0.0,0.0,,,0.0,,,,,,0.0,0.52,,,0.0,,유격수
51,김영웅,25 SS,,1,0,1.1,1,1,0,0,100.0,6.75,0.0,,0.01,,,,,,0.01,0.01,,,0.001,,유격수
51,이승현,25 SS,,2,0,2.0,2,2,0,0,100.0,9.0,0.29,,0.01,,,,,,0.3,10.77,,,0.03,,유격수
51,김태윤,25 SS,,1,0,1.0,0,0,0,0,0.0,0.0,-0.26,,0.01,,,,,,-0.25,-7.23,,,-0.026,,유격수
51,오서진,25 SS,,1,0,1.0,2,1,1,0,100.0,18.0,-0.74,,0.01,0.28,,,,,-0.45,-65.02,,,-0.042,,유격수
51,심재훈,25 SS,,1,0,1.0,2,1,1,0,100.0,18.0,0.45,,0.01,,,,,,0.46,2.87,,,0.047,,유격수
